bioTime_ms,population,divisions,apoptosis_cum,mutated_alive,G1,S,G2,prophase,metaphase,anaphase,telophase,cytokinesis,arrested
820473227,32,52,13,32,32,0,0,0,0,0,0,0,0
820473764,32,52,13,32,32,0,0,0,0,0,0,0,0
820474284,32,52,13,32,32,0,0,0,0,0,0,0,0
820474804,32,52,13,32,32,0,0,0,0,0,0,0,0
820475307,32,52,13,32,32,0,0,0,0,0,0,0,0
820475810,32,52,13,32,32,0,0,0,0,0,0,0,0
820476330,32,52,13,32,32,0,0,0,0,0,0,0,0
820476850,32,52,13,32,32,0,0,0,0,0,0,0,0
820477353,32,52,13,32,32,0,0,0,0,0,0,0,0
820477873,32,52,13,32,32,0,0,0,0,0,0,0,0
820478393,32,52,13,32,32,0,0,0,0,0,0,0,0
820478913,32,52,13,32,32,0,0,0,0,0,0,0,0
820479450,32,52,13,32,32,0,0,0,0,0,0,0,0
820479986,32,52,13,32,32,0,0,0,0,0,0,0,0
820480506,32,52,13,32,32,0,0,0,0,0,0,0,0
820481026,32,52,13,32,32,0,0,0,0,0,0,0,0
820481529,32,52,13,32,32,0,0,0,0,0,0,0,0
820482049,32,52,13,32,32,0,0,0,0,0,0,0,0
820482553,32,52,13,32,32,0,0,0,0,0,0,0,0
820483089,32,52,13,32,32,0,0,0,0,0,0,0,0
820483592,32,52,13,32,32,0,0,0,0,0,0,0,0
820484095,32,52,13,32,32,0,0,0,0,0,0,0,0
820484598,32,52,13,32,32,0,0,0,0,0,0,0,0
820485135,32,52,13,32,32,0,0,0,0,0,0,0,0
820485655,32,52,13,32,32,0,0,0,0,0,0,0,0
820486192,32,52,13,32,32,0,0,0,0,0,0,0,0
820486695,32,52,13,32,32,0,0,0,0,0,0,0,0
820487215,32,52,13,32,32,0,0,0,0,0,0,0,0
820487718,32,52,13,32,32,0,0,0,0,0,0,0,0
820488222,32,52,13,32,32,0,0,0,0,0,0,0,0
820488741,32,52,13,32,32,0,0,0,0,0,0,0,0
820489261,32,52,13,32,32,0,0,0,0,0,0,0,0
820489781,32,52,13,32,32,0,0,0,0,0,0,0,0
820490301,32,52,13,32,32,0,0,0,0,0,0,0,0
820490804,32,52,13,32,32,0,0,0,0,0,0,0,0
820491341,32,52,13,32,32,0,0,0,0,0,0,0,0
820491861,32,52,13,32,32,0,0,0,0,0,0,0,0
820492381,32,52,13,32,32,0,0,0,0,0,0,0,0
820492884,32,52,13,32,32,0,0,0,0,0,0,0,0
820493421,32,52,13,32,32,0,0,0,0,0,0,0,0
820493941,32,52,13,32,32,0,0,0,0,0,0,0,0
820494461,32,52,13,32,32,0,0,0,0,0,0,0,0
820494964,32,52,13,32,32,0,0,0,0,0,0,0,0
820495467,32,52,13,32,32,0,0,0,0,0,0,0,0
820495987,32,52,13,32,32,0,0,0,0,0,0,0,0
820496507,32,52,13,32,0,0,0,0,0,0,0,0,32
820497043,32,52,13,32,0,0,0,0,0,0,0,0,32
820497546,32,52,13,32,0,0,0,0,0,0,0,0,32
820498066,32,52,13,32,0,0,0,0,0,0,0,0,32
820498570,32,52,13,32,0,0,0,0,0,0,0,0,32
820499073,32,52,13,32,0,0,0,0,0,0,0,0,32
820499610,32,52,13,32,0,0,0,0,0,0,0,0,32
820500179,32,52,13,32,0,0,0,0,0,0,0,0,32
820500683,32,52,13,32,0,0,0,0,0,0,0,0,32
820501186,32,52,13,32,0,0,0,0,0,0,0,0,32
820501706,32,52,13,32,0,0,0,0,0,0,0,0,32
820502243,32,52,13,32,0,0,0,0,0,0,0,0,32
820502762,32,52,13,32,0,0,0,0,0,0,0,0,32
820503266,32,52,13,32,0,0,0,0,0,0,0,0,32
820503769,32,52,13,32,0,0,0,0,0,0,0,0,32
820504306,32,52,13,32,0,0,0,0,0,0,0,0,32
820504826,32,52,13,32,0,0,0,0,0,0,0,0,32
820505329,32,52,13,32,0,0,0,0,0,0,0,0,32
820505849,32,52,13,32,0,0,0,0,0,0,0,0,32
820506386,32,52,13,32,0,0,0,0,0,0,0,0,32
820506905,32,52,13,32,0,0,0,0,0,0,0,0,32
820507408,32,52,13,32,0,0,0,0,0,0,0,0,32
820507911,32,52,13,32,0,0,0,0,0,0,0,0,32
820508432,32,52,13,32,0,0,0,0,0,0,0,0,32
820508935,32,52,13,32,0,0,0,0,0,0,0,0,32
820509472,32,52,13,32,0,0,0,0,0,0,0,0,32
820510008,32,52,13,32,32,0,0,0,0,0,0,0,0
820510511,32,52,13,32,32,0,0,0,0,0,0,0,0
820511032,32,52,13,32,32,0,0,0,0,0,0,0,0
820511551,32,52,13,32,32,0,0,0,0,0,0,0,0
820512054,32,52,13,32,32,0,0,0,0,0,0,0,0
820512591,32,52,13,32,32,0,0,0,0,0,0,0,0
820513094,32,52,13,32,32,0,0,0,0,0,0,0,0
820513631,32,52,13,32,32,0,0,0,0,0,0,0,0
820514134,32,52,13,32,0,0,0,0,0,0,0,0,32
820514671,32,52,13,32,0,0,0,0,0,0,0,0,32
820515174,32,52,13,32,0,0,0,0,0,0,0,0,32
820515695,32,52,14,32,0,0,0,0,0,0,0,0,32
820516197,32,52,14,32,0,0,0,0,0,0,0,0,32
820516717,32,52,14,32,0,0,0,0,0,0,0,0,32
820517221,32,52,14,32,0,0,0,0,0,0,0,0,32
820517741,32,52,14,32,0,0,0,0,0,0,0,0,32
820518261,32,52,14,32,0,0,0,0,0,0,0,0,32
820518763,32,52,14,32,0,0,0,0,0,0,0,0,32
820519300,32,52,14,32,0,0,0,0,0,0,0,0,32
820519854,32,52,14,32,0,0,0,0,0,0,0,0,32
820520407,32,52,14,32,0,0,0,0,0,0,0,0,32
820520910,32,52,14,32,0,0,0,0,0,0,0,0,32
820521397,32,52,14,32,0,0,0,0,0,0,0,0,32
820521934,32,52,14,32,0,0,0,0,0,0,0,0,32
820522436,32,52,14,32,0,0,0,0,0,0,0,0,32
820522956,32,52,14,32,0,0,0,0,0,0,0,0,32
820523460,32,52,14,32,0,0,0,0,0,0,0,0,32
820523980,32,52,14,32,0,0,0,0,0,0,0,0,32
820524499,32,52,14,32,0,0,0,0,0,0,0,0,32
820525019,32,52,14,32,0,0,0,0,0,0,0,0,32
820525556,32,52,14,32,0,0,0,0,0,0,0,0,32
820526076,32,52,14,32,0,0,0,0,0,0,0,0,32
820526596,32,52,14,32,0,0,0,0,0,0,0,0,32
820527132,32,52,14,32,0,0,0,0,0,0,0,0,32
820604346,32,52,14,32,0,0,0,0,0,0,0,0,32
820705006,32,52,14,32,0,0,0,0,0,0,0,0,32
820808930,32,52,14,32,0,0,0,0,0,0,0,0,32
820909674,32,52,14,32,0,0,0,0,0,0,0,0,32
821010206,32,52,14,32,0,0,0,0,0,0,0,0,32
821114238,32,52,14,32,0,0,0,0,0,0,0,0,32
821215006,32,52,14,32,0,0,0,0,0,0,0,0,32
821318934,32,52,14,32,0,0,0,0,0,0,0,0,32
821419482,32,52,14,32,0,0,0,0,0,0,0,0,32
821520086,32,52,14,32,0,0,0,0,0,0,0,0,32
821624218,32,52,14,32,0,0,0,0,0,0,0,0,32
821731458,32,52,14,32,0,0,0,0,0,0,0,0,32
821838790,32,52,14,32,0,0,0,0,0,0,0,0,32
821946234,32,52,14,32,0,0,0,0,0,0,0,0,32
822050210,32,52,14,32,0,0,0,0,0,0,0,0,32
822154218,32,52,14,32,0,0,0,0,0,0,0,0,32
822258090,32,52,14,32,0,0,0,0,0,0,0,0,32
822365494,31,52,14,31,0,0,0,0,0,0,0,0,31
822466194,31,52,14,31,0,0,0,0,0,0,0,0,31
822566698,31,52,14,31,0,0,0,0,0,0,0,0,31
822667466,31,52,14,31,0,0,0,0,0,0,0,0,31
822771454,31,52,14,31,0,0,0,0,0,0,0,0,31
822878662,31,52,14,31,0,0,0,0,0,0,0,0,31
822979270,31,52,14,31,0,0,0,0,0,0,0,0,31
823080030,31,52,14,31,0,0,0,0,0,0,0,0,31
823184002,31,52,14,31,0,0,0,0,0,0,0,0,31
823288042,31,52,14,31,0,0,0,0,0,0,0,0,31
823391978,31,52,14,31,0,0,0,0,0,0,0,0,31
823495994,31,52,14,31,0,0,0,0,0,0,0,0,31
823596534,31,52,14,31,0,0,0,0,0,0,0,0,31
823697166,31,52,14,31,0,0,0,0,0,0,0,0,31
823797738,31,52,14,31,0,0,0,0,0,0,0,0,31
823898482,31,52,14,31,0,0,0,0,0,0,0,0,31
823999074,31,52,14,31,0,0,0,0,0,0,0,0,31
824099650,31,52,14,31,0,0,0,0,0,0,0,0,31
824203738,31,52,14,31,0,0,0,0,0,0,0,0,31
824307662,31,52,14,31,0,0,0,0,0,0,0,0,31
824411650,31,52,14,31,0,0,0,0,0,0,0,0,31
824515626,31,52,14,31,0,0,0,0,0,0,0,0,31
824616354,31,52,14,31,0,0,0,0,0,0,0,0,31
824720306,31,52,14,31,0,0,0,0,0,0,0,0,31
824824326,31,52,14,31,0,0,0,0,0,0,0,0,31
824928314,31,52,14,31,0,0,0,0,0,0,0,0,31
825032302,31,52,14,31,0,0,0,0,0,0,0,0,31
825132814,31,52,14,31,0,0,0,0,0,0,0,0,31
825236962,31,52,14,31,0,0,0,0,0,0,0,0,31
825340794,31,52,14,31,31,0,0,0,0,0,0,0,0
825441522,31,52,14,31,31,0,0,0,0,0,0,0,0
825548846,31,52,14,31,31,0,0,0,0,0,0,0,0
825656114,31,52,14,31,31,0,0,0,0,0,0,0,0
825763454,31,52,14,31,31,0,0,0,0,0,0,0,0
825870914,31,52,14,31,31,0,0,0,0,0,0,0,0
825974914,31,52,14,31,31,0,0,0,0,0,0,0,0
826075454,31,52,14,31,31,0,0,0,0,0,0,0,0
826176190,31,52,14,31,31,0,0,0,0,0,0,0,0
826280086,31,52,14,31,31,0,0,0,0,0,0,0,0
826377426,31,52,14,31,31,0,0,0,0,0,0,0,0
826481414,31,52,14,31,31,0,0,0,0,0,0,0,0
826585414,31,52,14,31,31,0,0,0,0,0,0,0,0
826686046,31,52,14,31,31,0,0,0,0,0,0,0,0
826790006,31,52,14,31,31,0,0,0,0,0,0,0,0
826894002,31,52,14,31,31,0,0,0,0,0,0,0,0
826998054,31,52,14,31,31,0,0,0,0,0,0,0,0
827102026,31,52,14,31,31,0,0,0,0,0,0,0,0
827206010,31,52,14,31,31,0,0,0,0,0,0,0,0
827309998,31,52,14,31,31,0,0,0,0,0,0,0,0
827413902,31,52,14,31,31,0,0,0,0,0,0,0,0
827517990,31,52,14,31,31,0,0,0,0,0,0,0,0
827621978,31,52,14,31,31,0,0,0,0,0,0,0,0
827729230,31,52,14,31,31,0,0,0,0,0,0,0,0
827833238,31,52,14,31,31,0,0,0,0,0,0,0,0
827933874,31,52,14,31,31,0,0,0,0,0,0,0,0
828034430,31,52,14,31,31,0,0,0,0,0,0,0,0
828138554,31,52,14,31,31,0,0,0,0,0,0,0,0
828242518,31,52,14,31,31,0,0,0,0,0,0,0,0
828343162,31,52,14,31,31,0,0,0,0,0,0,0,0
828447162,31,52,14,31,31,0,0,0,0,0,0,0,0
828551074,31,52,14,31,31,0,0,0,0,0,0,0,0
828651626,31,52,14,31,31,0,0,0,0,0,0,0,0
828759094,31,52,14,31,31,0,0,0,0,0,0,0,0
828863106,31,52,14,31,31,0,0,0,0,0,0,0,0
828966922,31,52,14,31,31,0,0,0,0,0,0,0,0
829074310,31,52,14,31,31,0,0,0,0,0,0,0,0
829178258,31,52,14,31,31,0,0,0,0,0,0,0,0
829282242,31,52,14,31,31,0,0,0,0,0,0,0,0
829383006,31,52,14,31,31,0,0,0,0,0,0,0,0
829483582,31,52,14,31,31,0,0,0,0,0,0,0,0
829587610,31,52,14,31,31,0,0,0,0,0,0,0,0
829691662,31,52,14,31,31,0,0,0,0,0,0,0,0
829792234,31,52,14,31,31,0,0,0,0,0,0,0,0
829896250,31,52,14,31,31,0,0,0,0,0,0,0,0
829996834,31,52,14,31,31,0,0,0,0,0,0,0,0
830097446,31,52,14,31,31,0,0,0,0,0,0,0,0
830201494,31,52,14,31,31,0,0,0,0,0,0,0,0
830302110,31,52,14,31,31,0,0,0,0,0,0,0,0
830406106,31,52,14,31,31,0,0,0,0,0,0,0,0
830506714,31,52,14,31,31,0,0,0,0,0,0,0,0
830607278,31,52,14,31,31,0,0,0,0,0,0,0,0
830711246,31,52,14,31,31,0,0,0,0,0,0,0,0
830811886,31,52,14,31,31,0,0,0,0,0,0,0,0
830912650,31,52,14,31,31,0,0,0,0,0,0,0,0
831016662,31,52,14,31,31,0,0,0,0,0,0,0,0
831120498,31,52,14,31,31,0,0,0,0,0,0,0,0
831221258,31,52,14,31,31,0,0,0,0,0,0,0,0
831328470,31,52,14,31,31,0,0,0,0,0,0,0,0
831435830,31,52,14,31,31,0,0,0,0,0,0,0,0
831536450,31,52,14,31,31,0,0,0,0,0,0,0,0
831640502,31,52,15,31,31,0,0,0,0,0,0,0,0
831744502,31,52,15,31,31,0,0,0,0,0,0,0,0
831848422,31,52,15,31,31,0,0,0,0,0,0,0,0
831952374,31,52,15,31,31,0,0,0,0,0,0,0,0
832053154,31,52,16,31,31,0,0,0,0,0,0,0,0
832157034,31,52,16,31,31,0,0,0,0,0,0,0,0
832264386,31,52,16,31,31,0,0,0,0,0,0,0,0
832364970,31,52,16,31,31,0,0,0,0,0,0,0,0
832469130,31,52,16,31,31,0,0,0,0,0,0,0,0
832572974,31,52,16,31,31,0,0,0,0,0,0,0,0
832677082,31,52,16,31,31,0,0,0,0,0,0,0,0
832780970,31,52,16,31,31,0,0,0,0,0,0,0,0
832884958,31,52,16,31,31,0,0,0,0,0,0,0,0
832985610,31,52,16,31,31,0,0,0,0,0,0,0,0
833089610,31,52,16,31,31,0,0,0,0,0,0,0,0
833193570,31,52,16,31,31,0,0,0,0,0,0,0,0
833294238,31,52,16,31,31,0,0,0,0,0,0,0,0
833394850,31,52,16,31,31,0,0,0,0,0,0,0,0
833498910,31,52,16,31,31,0,0,0,0,0,0,0,0
833602914,31,52,16,31,31,0,0,0,0,0,0,0,0
833706910,31,52,16,31,31,0,0,0,0,0,0,0,0
833807478,31,52,16,31,31,0,0,0,0,0,0,0,0
833908126,30,52,16,30,30,0,0,0,0,0,0,0,0
834008770,30,52,16,30,30,0,0,0,0,0,0,0,0
834112738,30,52,16,30,30,0,0,0,0,0,0,0,0
834216734,30,52,16,30,30,0,0,0,0,0,0,0,0
834317310,29,52,16,29,29,0,0,0,0,0,0,0,0
834414594,29,52,17,29,29,0,0,0,0,0,0,0,0
834518590,29,52,17,29,29,0,0,0,0,0,0,0,0
834622606,29,52,17,29,29,0,0,0,0,0,0,0,0
834723190,29,52,17,29,29,0,0,0,0,0,0,0,0
834827250,29,52,17,29,29,0,0,0,0,0,0,0,0
834927874,29,52,17,29,29,0,0,0,0,0,0,0,0
835031882,29,52,17,29,29,0,0,0,0,0,0,0,0
835135870,29,52,17,29,29,0,0,0,0,0,0,0,0
835239790,29,52,17,29,29,0,0,0,0,0,0,0,0
835340338,29,52,17,29,29,0,0,0,0,0,0,0,0
835444478,29,52,17,29,29,0,0,0,0,0,0,0,0
835545038,29,52,17,29,29,0,0,0,0,0,0,0,0
835649030,29,52,17,29,29,0,0,0,0,0,0,0,0
835749598,29,52,17,29,29,0,0,0,0,0,0,0,0
835853666,29,52,17,29,29,0,0,0,0,0,0,0,0
835957690,29,52,17,29,29,0,0,0,0,0,0,0,0
836058362,29,52,17,29,29,0,0,0,0,0,0,0,0
836158974,29,52,17,29,29,0,0,0,0,0,0,0,0
836259558,28,52,17,28,28,0,0,0,0,0,0,0,0
836360126,28,52,17,28,28,0,0,0,0,0,0,0,0
836464166,28,52,17,28,28,0,0,0,0,0,0,0,0
836568230,28,52,17,28,28,0,0,0,0,0,0,0,0
836668854,28,52,17,28,28,0,0,0,0,0,0,0,0
836769442,28,52,17,28,28,0,0,0,0,0,0,0,0
836873434,28,52,17,28,28,0,0,0,0,0,0,0,0
836974066,28,52,17,28,28,0,0,0,0,0,0,0,0
837078106,28,52,17,28,28,0,0,0,0,0,0,0,0
837178666,28,52,17,28,28,0,0,0,0,0,0,0,0
837279286,28,52,17,28,28,0,0,0,0,0,0,0,0
837386686,28,52,17,28,28,0,0,0,0,0,0,0,0
837487242,28,52,17,28,28,0,0,0,0,0,0,0,0
837587834,28,52,17,28,28,0,0,0,0,0,0,0,0
837691822,28,52,17,28,28,0,0,0,0,0,0,0,0
837795890,28,52,17,28,28,0,0,0,0,0,0,0,0
837899930,28,52,17,28,28,0,0,0,0,0,0,0,0
838000566,28,52,17,28,28,0,0,0,0,0,0,0,0
838101122,28,52,17,28,28,0,0,0,0,0,0,0,0
838205178,28,52,17,28,28,0,0,0,0,0,0,0,0
838305758,28,52,17,28,28,0,0,0,0,0,0,0,0
838409774,28,52,17,28,28,0,0,0,0,0,0,0,0
838510346,28,52,17,28,28,0,0,0,0,0,0,0,0
838614366,28,52,17,28,28,0,0,0,0,0,0,0,0
838714934,28,52,17,28,28,0,0,0,0,0,0,0,0
838818950,28,52,17,28,28,0,0,0,0,0,0,0,0
838919550,28,52,17,28,28,0,0,0,0,0,0,0,0
839020342,28,52,17,28,28,0,0,0,0,0,0,0,0
839124174,28,52,17,28,28,0,0,0,0,0,0,0,0
839224926,28,52,17,28,28,0,0,0,0,0,0,0,0
839325478,28,52,17,28,28,0,0,0,0,0,0,0,0
839429454,28,52,17,28,28,0,0,0,0,0,0,0,0
839530074,28,52,17,28,28,0,0,0,0,0,0,0,0
839634014,28,52,17,28,28,0,0,0,0,0,0,0,0
839731418,28,52,17,28,28,0,0,0,0,0,0,0,0
839838822,28,52,17,28,28,0,0,0,0,0,0,0,0
839939402,28,52,17,28,28,0,0,0,0,0,0,0,0
840039990,28,52,17,28,28,0,0,0,0,0,0,0,0
840144030,28,52,17,28,28,0,0,0,0,0,0,0,0
840248050,28,52,17,28,28,0,0,0,0,0,0,0,0
840348630,28,52,17,28,28,0,0,0,0,0,0,0,0
840452602,28,52,17,28,28,0,0,0,0,0,0,0,0
840553190,28,52,17,28,28,0,0,0,0,0,0,0,0
840657190,28,52,17,28,28,0,0,0,0,0,0,0,0
840764610,28,52,17,28,28,0,0,0,0,0,0,0,0
840865202,28,52,17,28,28,0,0,0,0,0,0,0,0
840972506,28,52,17,28,28,0,0,0,0,0,0,0,0
841073138,28,52,17,28,28,0,0,0,0,0,0,0,0
841173730,28,52,17,28,28,0,0,0,0,0,0,0,0
841277778,28,52,17,28,28,0,0,0,0,0,0,0,0
841378438,28,52,17,28,28,0,0,0,0,0,0,0,0
841479026,28,52,17,28,28,0,0,0,0,0,0,0,0
841583014,28,52,17,28,28,0,0,0,0,0,0,0,0
841686986,28,52,17,28,28,0,0,0,0,0,0,0,0
841787694,28,52,17,28,28,0,0,0,0,0,0,0,0
841888270,28,52,17,28,28,0,0,0,0,0,0,0,0
841992294,28,52,17,28,28,0,0,0,0,0,0,0,0
842092898,28,52,17,28,28,0,0,0,0,0,0,0,0
842193490,28,52,17,28,28,0,0,0,0,0,0,0,0
842297486,28,52,17,28,28,0,0,0,0,0,0,0,0
842398222,28,52,17,28,28,0,0,0,0,0,0,0,0
842502226,28,52,17,28,28,0,0,0,0,0,0,0,0
842606206,28,52,17,28,28,0,0,0,0,0,0,0,0
842706770,28,52,17,28,28,0,0,0,0,0,0,0,0
842810738,28,52,17,28,28,0,0,0,0,0,0,0,0
842911462,28,52,17,28,28,0,0,0,0,0,0,0,0
843012066,28,52,17,28,28,0,0,0,0,0,0,0,0
843116042,28,52,17,28,28,0,0,0,0,0,0,0,0
843220090,28,52,17,28,28,0,0,0,0,0,0,0,0
843324058,28,52,17,28,28,0,0,0,0,0,0,0,0
843428038,28,52,17,28,28,0,0,0,0,0,0,0,0
843528622,28,52,17,28,28,0,0,0,0,0,0,0,0
843632510,28,52,17,28,28,0,0,0,0,0,0,0,0
843733278,28,52,17,28,28,0,0,0,0,0,0,0,0
843833946,28,52,17,28,28,0,0,0,0,0,0,0,0
843937754,28,52,17,28,28,0,0,0,0,0,0,0,0
844041754,28,52,17,28,28,0,0,0,0,0,0,0,0
844145766,28,52,17,28,28,0,0,0,0,0,0,0,0
844246394,28,52,17,28,28,0,0,0,0,0,0,0,0
844347162,28,52,17,28,28,0,0,0,0,0,0,0,0
844451030,28,52,17,28,28,0,0,0,0,0,0,0,0
844551798,28,52,17,28,28,0,0,0,0,0,0,0,0
844652354,28,52,17,28,28,0,0,0,0,0,0,0,0
844756250,28,52,17,28,28,0,0,0,0,0,0,0,0
844860222,28,52,17,28,28,0,0,0,0,0,0,0,0
844964238,28,52,17,28,28,0,0,0,0,0,0,0,0
845064966,28,52,17,28,28,0,0,0,0,0,0,0,0
845165566,28,52,17,28,28,0,0,0,0,0,0,0,0
845269530,28,52,17,28,28,0,0,0,0,0,0,0,0
845373558,28,52,17,28,28,0,0,0,0,0,0,0,0
845477530,28,52,17,28,28,0,0,0,0,0,0,0,0
845578090,28,52,17,28,28,0,0,0,0,0,0,0,0
845682106,28,52,17,28,28,0,0,0,0,0,0,0,0
845782686,28,52,17,28,28,0,0,0,0,0,0,0,0
845886866,28,52,17,28,28,0,0,0,0,0,0,0,0
845987490,28,52,17,28,28,0,0,0,0,0,0,0,0
846088094,28,52,17,28,28,0,0,0,0,0,0,0,0
846192090,28,52,17,28,28,0,0,0,0,0,0,0,0
846295950,28,52,17,28,28,0,0,0,0,0,0,0,0
846396674,28,52,17,28,28,0,0,0,0,0,0,0,0
846500706,28,52,17,28,28,0,0,0,0,0,0,0,0
846601358,28,52,17,28,28,0,0,0,0,0,0,0,0
846705342,28,52,17,28,28,0,0,0,0,0,0,0,0
846809302,28,52,17,28,28,0,0,0,0,0,0,0,0
846909954,28,52,17,28,28,0,0,0,0,0,0,0,0
847010522,28,52,17,28,28,0,0,0,0,0,0,0,0
847111062,28,52,17,28,28,0,0,0,0,0,0,0,0
847211706,28,52,17,28,28,0,0,0,0,0,0,0,0
847312466,28,52,17,28,28,0,0,0,0,0,0,0,0
847416422,28,52,17,28,28,0,0,0,0,0,0,0,0
847516982,28,52,17,28,28,0,0,0,0,0,0,0,0
847617738,28,52,17,28,28,0,0,0,0,0,0,0,0
847721562,28,52,17,28,28,0,0,0,0,0,0,0,0
847822346,28,52,17,28,28,0,0,0,0,0,0,0,0
847926334,28,52,17,28,28,0,0,0,0,0,0,0,0
848026834,28,52,17,28,28,0,0,0,0,0,0,0,0
848127626,28,52,17,28,28,0,0,0,0,0,0,0,0
848228082,28,52,17,28,28,0,0,0,0,0,0,0,0
848332078,28,52,17,28,28,0,0,0,0,0,0,0,0
848432722,28,52,17,28,28,0,0,0,0,0,0,0,0
848533442,28,52,17,28,26,0,0,0,0,0,0,0,2
848637446,28,52,17,28,24,0,0,0,0,0,0,0,4
848741346,28,52,17,28,24,0,0,0,0,0,0,0,4
848842022,28,52,17,28,24,0,0,0,0,0,0,0,4
848942566,28,52,17,28,24,0,0,0,0,0,0,0,4
849046566,28,52,17,28,24,0,0,0,0,0,0,0,4
849150610,28,52,17,28,22,0,0,0,0,0,0,0,6
849251266,28,52,17,28,20,0,0,0,0,0,0,0,8
849355334,28,52,17,28,20,0,0,0,0,0,0,0,8
849462518,28,52,17,28,20,0,0,0,0,0,0,0,8
849566558,28,52,17,28,20,0,0,0,0,0,0,0,8
849670606,28,52,17,28,18,0,0,0,0,0,0,0,10
849771122,28,52,17,28,14,0,0,0,0,0,0,0,14
849875270,28,52,17,28,12,0,0,0,0,0,0,0,16
849975874,28,52,17,28,12,0,0,0,0,0,0,0,16
850076414,28,52,17,28,12,0,0,0,0,0,0,0,16
850177070,28,52,17,28,10,0,0,0,0,0,0,0,18
850277790,28,52,17,28,8,0,0,0,0,0,0,0,20
850381678,28,52,17,28,6,0,0,0,0,0,0,0,22
850485670,28,52,17,28,5,0,0,0,0,0,0,0,23
850586266,28,52,17,28,4,0,0,0,0,0,0,0,24
850690414,28,52,17,28,4,0,0,0,0,0,0,0,24
850794238,28,52,17,28,4,0,0,0,0,0,0,0,24
850895010,28,52,17,28,4,0,0,0,0,0,0,0,24
850992250,28,52,17,28,3,0,0,0,0,0,0,0,25
851096242,28,52,17,28,3,0,0,0,0,0,0,0,25
851196794,28,52,17,28,3,0,0,0,0,0,0,0,25
851297434,28,52,17,28,2,0,0,0,0,0,0,0,26
851398018,28,52,17,28,2,0,0,0,0,0,0,0,26
851501994,28,52,17,28,1,0,0,0,0,0,0,0,27
851606038,28,52,17,28,0,0,0,0,0,0,0,0,28
851706702,28,52,17,28,0,0,0,0,0,0,0,0,28
851814098,28,52,17,28,0,0,0,0,0,0,0,0,28
851917958,28,52,17,28,0,0,0,0,0,0,0,0,28
852018602,28,52,17,28,0,0,0,0,0,0,0,0,28
852122698,28,52,17,28,0,0,0,0,0,0,0,0,28
852223222,28,52,17,28,0,0,0,0,0,0,0,0,28
852327362,28,52,17,28,0,0,0,0,0,0,0,0,28
852431326,28,52,17,28,0,0,0,0,0,0,0,0,28
852531994,28,52,17,28,0,0,0,0,0,0,0,0,28
852635842,28,52,17,28,0,0,0,0,0,0,0,0,28
852736518,28,52,17,28,0,0,0,0,0,0,0,0,28
852837182,28,52,17,28,0,0,0,0,0,0,0,0,28
852941238,28,52,17,28,0,0,0,0,0,0,0,0,28
853048566,28,52,17,28,0,0,0,0,0,0,0,0,28
853152502,28,52,17,28,0,0,0,0,0,0,0,0,28
853256450,28,52,17,28,0,0,0,0,0,0,0,0,28
853360470,28,52,17,28,0,0,0,0,0,0,0,0,28
853461086,28,52,17,28,0,0,0,0,0,0,0,0,28
853561762,28,52,17,28,0,0,0,0,0,0,0,0,28
853665794,28,52,17,28,0,0,0,0,0,0,0,0,28
853766406,28,52,17,28,0,0,0,0,0,0,0,0,28
853870230,28,52,17,28,0,0,0,0,0,0,0,0,28
853971042,28,52,17,28,0,0,0,0,0,0,0,0,28
854074854,28,52,17,28,0,0,0,0,0,0,0,0,28
854175662,28,52,17,28,0,0,0,0,0,0,0,0,28
854276142,28,52,17,28,0,0,0,0,0,0,0,0,28
854376830,28,52,17,28,0,0,0,0,0,0,0,0,28
854480850,28,52,18,28,0,0,0,0,0,0,0,0,28
854581482,28,52,18,28,0,0,0,0,0,0,0,0,28
854685542,28,52,18,28,0,0,0,0,0,0,0,0,28
854786090,28,52,18,28,0,0,0,0,0,0,0,0,28
854886638,28,52,18,28,0,0,0,0,0,0,0,0,28
854990610,28,52,18,28,0,0,0,0,0,0,0,0,28
855091366,28,52,18,28,0,0,0,0,0,0,0,0,28
855195386,28,52,18,28,0,0,0,0,0,0,0,0,28
855299226,28,52,18,28,0,0,0,0,0,0,0,0,28
855403206,28,52,18,28,0,0,0,0,0,0,0,0,28
855507250,28,52,18,28,0,0,0,0,0,0,0,0,28
855611342,28,52,18,28,0,0,0,0,0,0,0,0,28
855718706,28,52,18,28,0,0,0,0,0,0,0,0,28
855822578,28,52,18,28,0,0,0,0,0,0,0,0,28
855923274,28,52,18,28,0,0,0,0,0,0,0,0,28
856023902,28,52,18,28,0,0,0,0,0,0,0,0,28
856124514,28,52,18,28,0,0,0,0,0,0,0,0,28
856228418,28,52,18,28,0,0,0,0,0,0,0,0,28
856329102,28,52,18,28,0,0,0,0,0,0,0,0,28
856429778,28,52,18,28,0,0,0,0,0,0,0,0,28
856537190,28,52,18,28,0,0,0,0,0,0,0,0,28
856641086,28,52,18,28,0,0,0,0,0,0,0,0,28
856741682,27,52,18,27,0,0,0,0,0,0,0,0,27
856842398,27,52,18,27,0,0,0,0,0,0,0,0,27
856942974,27,52,18,27,0,0,0,0,0,0,0,0,27
857047002,27,52,18,27,0,0,0,0,0,0,0,0,27
857151042,27,52,18,27,0,0,0,0,0,0,0,0,27
857254910,27,52,18,27,0,0,0,0,0,0,0,0,27
857355598,27,52,18,27,0,0,0,0,0,0,0,0,27
857456170,27,52,18,27,0,0,0,0,0,0,0,0,27
857556774,27,52,18,27,0,0,0,0,0,0,0,0,27
857660846,27,52,18,27,0,0,0,0,0,0,0,0,27
857764786,27,52,18,27,0,27,0,0,0,0,0,0,0
857865354,27,52,18,27,0,27,0,0,0,0,0,0,0
857966126,27,52,18,27,0,27,0,0,0,0,0,0,0
858070078,27,52,18,27,0,27,0,0,0,0,0,0,0
858170726,27,52,18,27,0,27,0,0,0,0,0,0,0
858274670,27,52,18,27,0,27,0,0,0,0,0,0,0
858378722,27,52,18,27,0,27,0,0,0,0,0,0,0
858479318,27,52,18,27,0,27,0,0,0,0,0,0,0
858583298,27,52,18,27,0,27,0,0,0,0,0,0,0
858683838,27,52,18,27,0,27,0,0,0,0,0,0,0
858788014,27,52,18,27,0,27,0,0,0,0,0,0,0
859160822,27,52,18,27,0,27,0,0,0,0,0,0,0
859663722,27,52,18,27,0,27,0,0,0,0,0,0,0
860183602,27,52,18,27,0,27,0,0,0,0,0,0,0
860687222,27,52,18,27,0,27,0,0,0,0,0,0,0
861206302,27,52,18,27,0,27,0,0,0,0,0,0,0
861710062,27,52,18,27,0,27,0,0,0,0,0,0,0
862229722,27,52,18,27,0,27,0,0,0,0,0,0,0
862733042,27,52,18,27,0,27,0,0,0,0,0,0,0
863252842,27,52,18,27,0,27,0,0,0,0,0,0,0
863756002,27,52,18,27,0,27,0,0,0,0,0,0,0
864259442,27,52,18,27,0,27,0,0,0,0,0,0,0
864779282,27,52,18,27,0,27,0,0,0,0,0,0,0
865281962,27,52,18,27,0,27,0,0,0,0,0,0,0
865785942,27,52,18,27,0,27,0,0,0,0,0,0,0
866305382,27,52,18,27,0,27,0,0,0,0,0,0,0
866808242,27,52,18,27,0,27,0,0,0,0,0,0,0
867328822,27,52,18,27,0,27,0,0,0,0,0,0,0
867831242,27,52,18,27,0,27,0,0,0,0,0,0,0
868318082,27,52,18,27,0,27,0,0,0,0,0,0,0
868837802,27,52,18,27,0,27,0,0,0,0,0,0,0
869357822,27,52,18,27,0,27,0,0,0,0,0,0,0
869877962,27,52,18,27,0,27,0,0,0,0,0,0,0
870397962,27,52,18,27,0,27,0,0,0,0,0,0,0
870901442,27,52,18,27,0,27,0,0,0,0,0,0,0
871404602,27,52,18,27,0,27,0,0,0,0,0,0,0
871907262,27,52,18,27,0,27,0,0,0,0,0,0,0
872410602,27,52,18,27,0,27,0,0,0,0,0,0,0
872913382,27,52,18,27,0,27,0,0,0,0,0,0,0
873416562,27,52,18,27,0,27,0,0,0,0,0,0,0
873920402,27,52,18,27,0,27,0,0,0,0,0,0,0
874422802,27,52,18,27,0,27,0,0,0,0,0,0,0
874926282,27,52,18,27,0,27,0,0,0,0,0,0,0
875429522,27,52,18,27,0,27,0,0,0,0,0,0,0
875932662,27,52,18,27,0,27,0,0,0,0,0,0,0
876435562,27,52,18,27,0,27,0,0,0,0,0,0,0
876939322,27,52,18,27,0,27,0,0,0,0,0,0,0
877441942,27,52,18,27,0,27,0,0,0,0,0,0,0
877945542,27,52,18,27,0,27,0,0,0,0,0,0,0
878448842,27,52,18,27,0,27,0,0,0,0,0,0,0
878951702,27,52,18,27,0,27,0,0,0,0,0,0,0
879455082,27,52,18,27,0,27,0,0,0,0,0,0,0
879958182,27,52,18,27,0,27,0,0,0,0,0,0,0
880461302,27,52,18,27,0,27,0,0,0,0,0,0,0
880964042,27,52,18,27,0,27,0,0,0,0,0,0,0
881467002,27,52,18,27,0,27,0,0,0,0,0,0,0
881987522,27,52,18,27,0,27,0,0,0,0,0,0,0
882507182,27,52,18,27,0,27,0,0,0,0,0,0,0
883010982,27,52,18,27,0,27,0,0,0,0,0,0,0
883530082,27,52,18,27,0,27,0,0,0,0,0,0,0
884033222,27,52,18,27,0,27,0,0,0,0,0,0,0
884537102,27,52,18,27,0,27,0,0,0,0,0,0,0
885073502,27,52,18,27,0,27,0,0,0,0,0,0,0
885593462,27,52,18,27,0,27,0,0,0,0,0,0,0
886096222,27,52,18,27,0,27,0,0,0,0,0,0,0
886600102,27,52,18,27,0,0,27,0,0,0,0,0,0
887119242,27,52,18,27,0,0,27,0,0,0,0,0,0
887639922,27,52,18,27,0,0,27,0,0,0,0,0,0
888159122,27,52,18,27,0,0,27,0,0,0,0,0,0
888663042,27,52,18,27,0,0,27,0,0,0,0,0,0
889183142,27,52,18,27,0,0,27,0,0,0,0,0,0
889686002,27,52,18,27,0,0,27,0,0,0,0,0,0
890206002,27,52,18,27,0,0,27,0,0,0,0,0,0
890708982,27,52,18,27,0,0,27,0,0,0,0,0,0
891211902,27,52,18,27,0,0,27,0,0,0,0,0,0
891731882,27,52,18,27,0,0,27,0,0,0,0,0,0
892251782,27,52,18,27,0,0,27,0,0,0,0,0,0
892754842,27,52,18,27,0,0,27,0,0,0,0,0,0
893274942,27,52,18,27,0,0,27,0,0,0,0,0,0
893794762,27,52,18,27,0,0,27,0,0,0,0,0,0
894314742,27,52,18,27,0,0,27,0,0,0,0,0,0
894818482,27,52,18,27,0,0,27,0,0,0,0,0,0
895338522,27,52,18,27,0,0,27,0,0,0,0,0,0
895840982,27,52,18,27,0,0,27,0,0,0,0,0,0
896361082,27,52,18,27,0,0,27,0,0,0,0,0,0
896881362,27,52,18,27,0,0,27,0,0,0,0,0,0
897400662,27,52,18,27,0,0,27,0,0,0,0,0,0
897920502,27,52,18,27,0,0,27,0,0,0,0,0,0
898424022,27,52,18,27,0,0,27,0,0,0,0,0,0
898910382,27,52,18,27,0,0,27,0,0,0,0,0,0
899414022,27,52,18,27,0,0,27,0,0,0,0,0,0
899916642,27,52,18,27,0,0,27,0,0,0,0,0,0
900420422,27,52,18,27,0,0,27,0,0,0,0,0,0
900940282,27,52,18,27,0,0,0,0,0,0,0,0,27
901443242,27,52,18,27,0,0,0,0,0,0,0,0,27
901946082,27,52,18,27,0,0,0,0,0,0,0,0,27
902449642,27,52,18,27,0,0,0,0,0,0,0,0,27
902953062,27,52,18,27,0,0,0,0,0,0,0,0,27
903455722,27,52,18,27,0,0,0,0,0,0,0,0,27
903959342,27,52,18,27,0,0,0,0,0,0,0,0,27
904478702,27,52,18,27,0,0,0,0,0,0,0,0,27
904982482,27,52,18,27,0,0,0,0,0,0,0,0,27
905485202,27,52,18,27,0,0,0,0,0,0,0,0,27
905988762,27,52,18,27,0,0,0,0,0,0,0,0,27
906491342,27,52,18,27,0,0,0,0,0,0,0,0,27
906994382,27,52,18,27,0,0,0,0,0,0,0,0,27
907514202,27,52,18,27,0,0,0,0,0,0,0,0,27
908018062,27,52,18,27,0,0,0,0,0,0,0,0,27
908521142,27,52,18,27,0,0,0,0,0,0,0,0,27
909023762,27,52,18,27,0,0,0,0,0,0,0,0,27
909527482,27,52,18,27,0,0,0,0,0,0,0,0,27
910047462,27,52,18,27,0,0,0,0,0,0,0,0,27
910549982,27,52,18,27,0,0,0,0,0,0,0,0,27
911053862,27,52,18,27,0,0,0,0,0,0,0,0,27
911556542,27,52,18,27,0,0,0,0,0,0,0,0,27
912076422,27,52,18,27,0,0,0,0,0,0,0,0,27
912579382,27,52,18,27,0,0,0,0,0,0,0,0,27
913083242,27,52,18,27,0,0,0,0,0,0,0,0,27
913586122,27,52,18,27,0,0,0,0,0,0,0,0,27
914089142,27,52,18,27,0,0,0,0,0,0,0,0,27
914592902,27,52,18,27,0,0,0,0,0,0,0,0,27
915095522,27,52,18,27,0,0,0,0,0,0,0,0,27
915615662,27,52,18,27,0,0,0,0,0,0,0,0,27
916118922,27,52,18,27,0,0,0,0,0,0,0,0,27
916621782,27,52,18,27,0,0,0,0,0,0,0,0,27
917124682,27,52,18,27,0,0,0,0,0,0,0,0,27
917644742,27,52,18,27,0,0,0,0,0,0,0,0,27
918147782,27,52,18,27,0,0,0,0,0,0,0,0,27
918651482,27,52,18,27,0,0,0,0,0,0,0,0,27
919154522,27,52,18,27,0,0,0,0,0,0,0,0,27
919657482,27,52,18,27,0,0,0,0,0,0,0,0,27
920161122,27,52,18,27,0,0,0,0,0,0,0,0,27
920663582,27,52,18,27,0,0,0,0,0,0,0,0,27
921184362,27,52,18,27,0,0,0,0,0,0,0,0,27
921687342,27,52,18,27,0,0,0,0,0,0,0,0,27
922189942,27,52,18,27,0,0,0,0,0,0,0,0,27
922709842,27,52,18,27,0,0,0,0,0,0,0,0,27
923213642,27,52,18,27,0,0,0,0,0,0,0,0,27
923716422,27,52,18,27,0,0,0,0,0,0,0,0,27
924236502,27,52,18,27,0,0,0,0,0,0,0,0,27
924739402,27,52,18,27,0,0,0,0,0,0,0,0,27
925259462,27,52,18,27,0,0,0,0,0,0,0,0,27
925762442,27,52,18,27,0,0,0,0,0,0,0,0,27
926265502,27,52,18,27,0,0,0,0,0,0,0,0,27
926769002,27,52,18,27,0,0,0,0,0,0,0,0,27
927289002,27,52,18,27,0,0,0,0,0,0,0,0,27
927792362,27,52,18,27,0,0,0,0,0,0,0,0,27
928295282,27,52,18,27,0,0,0,0,0,0,0,0,27
928798942,27,52,18,27,0,0,0,0,0,0,0,0,27
929301962,27,52,18,27,0,0,0,0,0,0,0,0,27
929821222,27,52,18,27,0,0,0,0,0,0,0,0,27
930325162,27,52,18,27,0,0,0,0,0,0,0,0,27
930827782,27,52,18,27,0,0,0,0,0,0,0,0,27
931330622,27,52,18,27,0,0,0,0,0,0,0,0,27
931850742,27,52,18,27,0,0,0,0,0,0,0,0,27
932370722,27,52,18,27,0,0,0,0,0,0,0,0,27
932874442,27,52,18,27,0,0,0,0,0,0,0,0,27
933394042,27,52,18,27,0,0,0,0,0,0,0,0,27
933914362,27,52,18,27,0,0,0,0,0,0,0,0,27
934434122,27,52,18,27,0,0,0,0,0,0,0,0,27
934936882,27,52,18,27,0,0,0,0,0,0,0,0,27
935456742,27,52,18,27,0,0,0,0,0,0,0,0,27
935977162,27,52,18,27,0,0,0,0,0,0,0,0,27
936479902,27,52,18,27,0,0,0,0,0,0,0,0,27
937000162,27,52,18,27,0,0,0,0,0,0,0,0,27
937520002,27,52,18,27,0,0,0,0,0,0,0,0,27
938022802,27,52,18,27,0,0,0,0,0,0,0,0,27
938542702,27,52,18,27,0,0,0,0,0,0,0,0,27
939063142,27,52,18,27,0,0,0,0,0,0,0,0,27
939565902,27,52,18,27,0,0,0,0,0,0,0,0,27
940102762,27,52,18,27,0,0,0,0,0,0,0,0,27
940606002,27,52,18,27,0,0,0,0,0,0,0,0,27
941108862,27,52,18,27,0,0,0,0,0,0,0,0,27
941628742,27,52,18,27,0,0,0,0,0,0,0,0,27
942149622,27,52,18,27,0,0,0,0,0,0,0,0,27
942668662,27,52,18,27,0,0,0,0,0,0,0,0,27
943188742,27,52,18,27,0,0,0,27,0,0,0,0,0
943691942,27,52,19,27,0,0,0,27,0,0,0,0,0
944194962,27,52,19,27,0,0,0,1,26,0,0,0,0
944698142,27,52,19,27,0,0,0,1,26,0,0,0,0
945202122,27,52,19,27,0,0,0,1,26,0,0,0,0
945704982,27,52,19,27,0,0,0,1,26,0,0,0,0
946207902,27,52,19,27,0,0,0,1,26,0,0,0,0
946711222,27,52,19,27,0,0,0,1,26,0,0,0,0
947214782,27,52,19,27,0,0,0,1,26,0,0,0,0
947717982,27,52,19,27,0,0,0,1,26,0,0,0,0
948220622,27,52,19,27,0,0,0,1,26,0,0,0,0
948723522,27,52,19,27,0,0,0,1,26,0,0,0,0
949226682,27,52,19,27,0,0,0,1,26,0,0,0,0
949729982,27,52,19,27,0,0,0,1,26,0,0,0,0
950233642,27,52,19,27,0,0,0,1,26,0,0,0,0
950736362,27,52,19,27,0,0,0,1,26,0,0,0,0
951239602,27,52,19,27,0,0,0,1,26,0,0,0,0
951742582,27,52,19,27,0,0,0,1,26,0,0,0,0
952246102,27,52,19,27,0,0,0,1,26,0,0,0,0
952766302,27,52,19,27,0,0,0,1,26,0,0,0,0
953269082,27,52,19,27,0,0,0,1,26,0,0,0,0
953771962,27,52,19,27,0,0,0,1,26,0,0,0,0
954275582,27,52,19,27,0,0,0,1,26,0,0,0,0
954778422,27,52,19,27,0,0,0,1,26,0,0,0,0
955281422,27,52,19,27,0,0,0,1,26,0,0,0,0
955784802,27,52,19,27,0,0,0,1,26,0,0,0,0
956288142,27,52,19,27,0,0,0,1,26,0,0,0,0
956791422,27,52,19,27,0,0,0,1,26,0,0,0,0
957294662,27,52,19,27,0,0,0,1,26,0,0,0,0
957814422,27,52,19,27,0,0,0,1,26,0,0,0,0
958317502,27,52,19,27,0,0,0,1,26,0,0,0,0
958820802,27,52,19,27,0,0,0,1,26,0,0,0,0
959324182,27,52,19,27,0,0,0,1,26,0,0,0,0
959827082,27,52,19,27,0,0,0,1,26,0,0,0,0
960330022,27,52,19,27,0,0,0,1,26,0,0,0,0
960833382,27,52,19,27,0,0,0,1,26,0,0,0,0
961336402,27,52,19,27,0,0,0,1,26,0,0,0,0
961839582,27,52,19,27,0,0,0,1,26,0,0,0,0
962342662,27,52,19,27,0,0,0,1,26,0,0,0,0
962845882,27,52,19,27,0,0,0,1,26,0,0,0,0
963349162,27,52,19,27,0,0,0,1,26,0,0,0,0
963852142,27,52,19,27,0,0,0,1,26,0,0,0,0
964355842,27,52,19,27,0,0,0,1,26,0,0,0,0
964859082,27,52,19,27,0,0,0,1,26,0,0,0,0
965361402,27,52,19,27,0,0,0,1,26,0,0,0,0
965864582,27,52,19,27,0,0,0,1,26,0,0,0,0
966368082,27,52,19,27,0,0,0,1,26,0,0,0,0
966871762,27,52,19,27,0,0,0,1,26,0,0,0,0
967374722,27,52,19,27,0,0,0,1,26,0,0,0,0
967877602,27,52,19,27,0,0,0,1,26,0,0,0,0
968380642,27,52,19,27,0,0,0,1,26,0,0,0,0
968883662,27,52,19,27,0,0,0,1,26,0,0,0,0
969386922,27,52,19,27,0,0,0,1,26,0,0,0,0
969890042,27,52,19,27,0,0,0,1,26,0,0,0,0
970393282,27,52,19,27,0,0,0,1,26,0,0,0,0
970896722,27,52,19,27,0,0,0,1,26,0,0,0,0
971399742,27,52,19,27,0,0,0,1,26,0,0,0,0
971903282,27,52,19,27,0,0,0,1,26,0,0,0,0
972406062,27,52,19,27,0,0,0,1,26,0,0,0,0
972909302,27,52,19,27,0,0,0,1,26,0,0,0,0
973412502,27,52,19,27,0,0,0,1,26,0,0,0,0
973915162,27,52,19,27,0,0,0,1,26,0,0,0,0
974418902,27,52,19,27,0,0,0,1,26,0,0,0,0
974921802,27,52,19,27,0,0,0,1,26,0,0,0,0
975424862,27,52,19,27,0,0,0,1,26,0,0,0,0
975944962,27,52,19,27,0,0,0,1,26,0,0,0,0
976448702,27,52,19,27,0,0,0,1,26,0,0,0,0
976951162,27,52,19,27,0,0,0,1,26,0,0,0,0
977454742,27,52,19,27,0,0,0,1,26,0,0,0,0
977957722,27,52,19,27,0,0,0,1,26,0,0,0,0
978460502,27,52,19,27,0,0,0,1,26,0,0,0,0
978963922,27,52,19,27,0,0,0,1,26,0,0,0,0
979466822,27,52,19,27,0,0,0,1,26,0,0,0,0
979970662,27,52,19,27,0,0,0,1,26,0,0,0,0
980473642,27,52,19,27,0,0,0,1,26,0,0,0,0
980993942,27,52,19,27,0,0,0,1,26,0,0,0,0
981496202,27,52,19,27,0,0,0,1,26,0,0,0,0

# LINEAGE
id,parent,generation,born_ms,died_ms,fate,mutations
1,,1,0,152943436,divided,""
2,1,2,152943436,243042036,divided,""
3,1,2,152943436,238093656,apoptosis,"chromosomal_instab"
4,2,3,243042036,331581096,divided,""
5,2,3,243042036,331598196,divided,"cyclinD_amplification"
6,4,4,331581096,420122256,divided,"p53_KO"
7,4,4,331581096,420221956,divided,"p53_KO"
8,5,4,331598196,420321956,divided,"cyclinD_amplification|oncogene_RAS"
9,5,4,331598196,420221956,divided,"cyclinD_amplification|apoptosis_resistant"
10,6,5,420122256,508744556,divided,"p53_KO"
11,6,5,420122256,508844556,divided,"p53_KO"
12,7,5,420221956,509161336,divided,"p53_KO|chromosomal_instab"
13,7,5,420221956,509061336,divided,"p53_KO|cyclinD_amplification"
14,9,5,420221956,509261336,divided,"cyclinD_amplification|apoptosis_resistant"
15,9,5,420221956,509061336,divided,"cyclinD_amplification|apoptosis_resistant"
16,8,5,420321956,509512936,divided,"cyclinD_amplification|oncogene_RAS|apoptosis_resistant"
17,8,5,420321956,509428636,divided,"cyclinD_amplification|oncogene_RAS"
18,10,6,508744556,599461916,divided,"p53_KO"
19,10,6,508744556,599529076,divided,"p53_KO|cyclinD_amplification"
20,11,6,508844556,599780276,divided,"p53_KO|chromosomal_instab"
21,11,6,508844556,599680276,divided,"p53_KO|apoptosis_resistant"
22,13,6,509061336,600248956,divided,"p53_KO|cyclinD_amplification|apoptosis_resistant"
23,13,6,509061336,600048956,divided,"p53_KO|cyclinD_amplification"
24,15,6,509061336,600148956,divided,"cyclinD_amplification|apoptosis_resistant"
25,15,6,509061336,600048956,divided,"cyclinD_amplification|apoptosis_resistant|oncogene_RAS"
26,12,6,509161336,600649256,divided,"p53_KO|chromosomal_instab"
27,12,6,509161336,600416156,divided,"p53_KO|chromosomal_instab|apoptosis_resistant"
28,14,6,509261336,600749256,divided,"cyclinD_amplification|apoptosis_resistant"
29,14,6,509261336,600549256,divided,"cyclinD_amplification|apoptosis_resistant"
30,17,6,509428636,601201176,divided,"cyclinD_amplification|oncogene_RAS"
31,17,6,509428636,601050856,divided,"cyclinD_amplification|oncogene_RAS"
32,16,6,509512936,601418256,divided,"cyclinD_amplification|oncogene_RAS|apoptosis_resistant"
33,16,6,509512936,601301176,divided,"cyclinD_amplification|oncogene_RAS|apoptosis_resistant"
34,18,7,599461916,733329849,apoptosis,"p53_KO|cyclinD_amplification"
35,18,7,599461916,733329849,apoptosis,"p53_KO"
36,19,7,599529076,733329849,apoptosis,"p53_KO|cyclinD_amplification"
37,19,7,599529076,733329849,apoptosis,"p53_KO|cyclinD_amplification|oncogene_RAS"
38,21,7,599680276,794111209,divided,"p53_KO|apoptosis_resistant"
39,21,7,599680276,794211209,divided,"p53_KO|apoptosis_resistant"
40,20,7,599780276,733329849,apoptosis,"p53_KO|chromosomal_instab|oncogene_RAS"
41,20,7,599780276,733329849,apoptosis,"p53_KO|chromosomal_instab|cyclinD_amplification"
42,23,7,600048956,733329849,apoptosis,"p53_KO|cyclinD_amplification|oncogene_RAS"
43,23,7,600048956,733329849,apoptosis,"p53_KO|cyclinD_amplification"
44,25,7,600048956,794865029,divided,"cyclinD_amplification|apoptosis_resistant|oncogene_RAS"
45,25,7,600048956,794765029,divided,"cyclinD_amplification|apoptosis_resistant|oncogene_RAS"
46,24,7,600148956,795401049,divided,"cyclinD_amplification|apoptosis_resistant|oncogene_RAS"
47,24,7,600148956,795300349,divided,"cyclinD_amplification|apoptosis_resistant"
48,22,7,600248956,795535109,divided,"p53_KO|cyclinD_amplification|apoptosis_resistant"
49,22,7,600248956,795401049,divided,"p53_KO|cyclinD_amplification|apoptosis_resistant|oncogene_RAS"
50,27,7,600416156,795770309,divided,"p53_KO|chromosomal_instab|apoptosis_resistant"
51,27,7,600416156,795686269,divided,"p53_KO|chromosomal_instab|apoptosis_resistant|cyclinD_amplification"
52,29,7,600549256,796020269,divided,"cyclinD_amplification|apoptosis_resistant"
53,29,7,600549256,795870709,divided,"cyclinD_amplification|apoptosis_resistant|oncogene_RAS"
54,26,7,600649256,733329849,apoptosis,"p53_KO|chromosomal_instab"
55,26,7,600649256,676036389,apoptosis,"p53_KO|chromosomal_instab"
56,28,7,600749256,796205129,divided,"cyclinD_amplification|apoptosis_resistant"
57,28,7,600749256,796120929,divided,"cyclinD_amplification|apoptosis_resistant|chromosomal_instab"
58,31,7,601050856,733329849,apoptosis,"cyclinD_amplification|oncogene_RAS|p53_KO"
59,31,7,601050856,796657709,divided,"cyclinD_amplification|oncogene_RAS|apoptosis_resistant"
60,30,7,601201176,733329849,apoptosis,"cyclinD_amplification|oncogene_RAS"
61,30,7,601201176,796775309,divided,"cyclinD_amplification|oncogene_RAS|apoptosis_resistant"
62,33,7,601301176,796908989,divided,"cyclinD_amplification|oncogene_RAS|apoptosis_resistant"
63,33,7,601301176,796858629,divided,"cyclinD_amplification|oncogene_RAS|apoptosis_resistant|chromosomal_instab"
64,32,7,601418256,797194549,divided,"cyclinD_amplification|oncogene_RAS|apoptosis_resistant|p53_KO"
65,32,7,601418256,797111049,divided,"cyclinD_amplification|oncogene_RAS|apoptosis_resistant"
66,38,8,794111209,,alive,"p53_KO|apoptosis_resistant"
67,38,8,794111209,,alive,"p53_KO|apoptosis_resistant"
68,39,8,794211209,,alive,"p53_KO|apoptosis_resistant"
69,39,8,794211209,,alive,"p53_KO|apoptosis_resistant"
70,45,8,794765029,,alive,"cyclinD_amplification|apoptosis_resistant|oncogene_RAS"
71,45,8,794765029,,alive,"cyclinD_amplification|apoptosis_resistant|oncogene_RAS"
72,44,8,794865029,,alive,"cyclinD_amplification|apoptosis_resistant|oncogene_RAS"
73,44,8,794865029,,alive,"cyclinD_amplification|apoptosis_resistant|oncogene_RAS"
74,47,8,795300349,,alive,"cyclinD_amplification|apoptosis_resistant|p53_KO"
75,47,8,795300349,,alive,"cyclinD_amplification|apoptosis_resistant"
76,46,8,795401049,,alive,"cyclinD_amplification|apoptosis_resistant|oncogene_RAS"
77,46,8,795401049,,alive,"cyclinD_amplification|apoptosis_resistant|oncogene_RAS"
78,49,8,795401049,,alive,"p53_KO|cyclinD_amplification|apoptosis_resistant|oncogene_RAS"
79,49,8,795401049,,alive,"p53_KO|cyclinD_amplification|apoptosis_resistant|oncogene_RAS"
80,48,8,795535109,,alive,"p53_KO|cyclinD_amplification|apoptosis_resistant"
81,48,8,795535109,,alive,"p53_KO|cyclinD_amplification|apoptosis_resistant"
82,51,8,795686269,832049734,apoptosis,"p53_KO|chromosomal_instab|apoptosis_resistant|cyclinD_amplification"
83,51,8,795686269,831573374,apoptosis,"p53_KO|chromosomal_instab|apoptosis_resistant|cyclinD_amplification|oncogene_RAS"
84,50,8,795770309,,alive,"p53_KO|chromosomal_instab|apoptosis_resistant"
85,50,8,795770309,854480850,apoptosis,"p53_KO|chromosomal_instab|apoptosis_resistant"
86,53,8,795870709,,alive,"cyclinD_amplification|apoptosis_resistant|oncogene_RAS"
87,53,8,795870709,,alive,"cyclinD_amplification|apoptosis_resistant|oncogene_RAS"
88,52,8,796020269,,alive,"cyclinD_amplification|apoptosis_resistant|p53_KO"
89,52,8,796020269,,alive,"cyclinD_amplification|apoptosis_resistant|p53_KO"
90,57,8,796120929,943440802,apoptosis,"cyclinD_amplification|apoptosis_resistant|chromosomal_instab"
91,56,8,796205129,,alive,"cyclinD_amplification|apoptosis_resistant"
92,59,8,796657709,,alive,"cyclinD_amplification|oncogene_RAS|apoptosis_resistant"
93,61,8,796775309,820515325,apoptosis,"cyclinD_amplification|oncogene_RAS|apoptosis_resistant|chromosomal_instab"
94,63,8,796858629,834394522,apoptosis,"cyclinD_amplification|oncogene_RAS|apoptosis_resistant|chromosomal_instab"
95,62,8,796908989,,alive,"cyclinD_amplification|oncogene_RAS|apoptosis_resistant"
96,65,8,797111049,,alive,"cyclinD_amplification|oncogene_RAS|apoptosis_resistant"
97,64,8,797194549,,alive,"cyclinD_amplification|oncogene_RAS|apoptosis_resistant|p53_KO|chromosomal_instab"